procs,rep,time
1,1,0.142417
1,2,0.141543
1,3,0.142050
1,4,0.154964
1,5,0.144097
1,6,0.141566
1,7,0.142330
2,1,0.077038
2,2,0.075490
2,3,0.081654
2,4,0.081495
2,5,0.073002
2,6,0.077166
2,7,0.073832
3,1,0.091232
3,2,0.098933
3,3,0.097749
3,4,0.099934
3,5,0.092042
3,6,0.097554
3,7,0.094478
4,1,0.116328
4,2,0.070532
4,3,0.071244
4,4,0.101742
4,5,0.074266
4,6,0.071486
4,7,0.109972
6,1,0.089463
6,2,0.085958
6,3,0.086148
6,4,0.079010
6,5,0.076166
6,6,0.082964
6,7,0.127490
8,1,0.074777
8,2,0.115582
8,3,0.068579
8,4,0.081297
8,5,0.072611
8,6,0.065272
8,7,0.087923
